Turn,Capture,None,Five or More,Open one,Half open one,Open two,Half open two,Open three,Half open three,open four,four,Capture,None,Five or More,Open one,Half open one,Open two,Half open two,Open three,Half open three,open four,four,Inital score,Score
1,0,0,0,4,0,0,0,0,0,0,0,0,0,0,4,0,0,0,0,0,0,0,0,-80
3,0,0,0,8,0,0,0,0,0,0,0,0,0,0,6,0,1,0,0,0,0,0,-80,0
5,0,0,0,11,1,0,0,0,0,0,0,0,0,0,6,0,2,1,0,0,0,0,-195,77
7,2,0,0,14,0,0,1,0,0,0,0,0,0,0,5,1,1,0,0,0,0,0,77,0
9,2,0,0,14,1,1,0,0,1,0,0,0,0,0,7,2,0,0,1,0,0,0,-293,-56
11,2,0,0,16,3,1,0,0,1,0,0,0,0,0,4,3,3,0,0,1,0,0,-38,724
13,2,0,0,15,5,1,0,1,1,0,0,0,0,0,6,4,2,1,0,0,0,1,487,2147483647
15,2,0,0,18,5,1,0,1,0,0,0,0,0,0,9,5,2,1,0,0,0,1,-18,2147483647
17,2,0,0,21,5,1,0,0,0,1,0,0,0,1,12,5,2,1,0,0,0,0,-90018,2147483647
1,0,0,0,4,0,0,0,0,0,0,0,0,0,0,4,0,0,0,0,0,0,0,0,-80
3,0,0,0,8,0,0,0,0,0,0,0,0,0,0,8,0,0,0,0,0,0,0,0,-35
5,0,0,0,9,0,0,0,0,1,0,0,0,0,0,11,1,0,0,0,0,0,0,475,-290
7,0,0,0,12,1,0,0,0,1,0,0,0,0,0,12,1,0,0,0,1,0,0,0,-370
9,0,0,0,16,1,0,0,0,1,0,0,0,0,0,15,1,0,0,0,0,0,1,-490,-185
11,0,0,0,19,2,0,0,0,0,0,0,0,0,0,13,1,2,1,0,0,0,0,-185,440
13,0,0,0,14,8,0,0,0,1,0,0,0,0,0,11,6,2,1,0,0,0,0,290,427
15,2,0,0,17,9,0,0,0,1,0,0,0,0,0,8,9,2,1,0,0,0,0,382,612
17,4,0,0,18,8,1,1,0,0,0,0,0,0,0,8,7,1,0,0,0,0,0,319,1191
19,4,0,0,14,11,2,1,0,1,0,0,0,0,0,7,10,1,1,0,0,0,0,839,1294
21,6,0,0,19,8,3,1,0,1,0,0,0,0,0,6,10,1,0,0,0,0,0,1236,1706
23,6,0,0,22,8,3,1,0,0,0,0,0,0,0,9,11,1,0,0,0,0,0,731,2111
25,6,0,0,20,9,4,1,1,0,0,0,0,0,0,11,12,0,0,1,0,0,0,891,11381
27,6,0,0,20,9,2,1,2,0,0,1,0,0,0,11,14,0,1,1,0,0,0,11631,12431
29,8,0,0,25,7,3,1,2,1,0,0,0,0,0,11,13,0,0,1,0,0,0,11608,102506
31,8,0,1,19,8,4,3,2,0,0,0,0,0,0,11,14,0,0,1,0,0,0,111248,103218
33,8,0,1,15,8,2,4,3,2,0,0,0,0,0,8,17,0,0,2,0,0,0,103073,103341
35,8,0,0,15,13,3,4,3,3,0,0,2,0,0,13,12,0,0,2,0,0,0,3631,2147483647
37,8,0,0,14,14,3,4,2,5,0,0,2,0,0,13,13,0,0,1,0,1,0,-5379,2147483647
1,0,0,0,3,1,0,0,0,0,0,0,0,0,0,3,1,0,0,0,0,0,0,0,-42
3,0,0,0,5,3,0,0,0,0,0,0,0,0,0,5,3,0,0,0,0,0,0,0,-80
5,0,0,0,6,4,0,1,0,0,0,0,0,0,0,7,5,0,0,0,0,0,0,35,-200
7,0,0,0,7,5,0,2,0,0,0,0,0,0,0,9,7,0,0,0,0,0,0,70,-212
9,0,0,0,7,8,0,1,0,1,0,0,0,0,0,9,8,1,0,0,0,0,0,430,417
11,0,0,0,10,9,0,1,0,0,0,0,0,0,0,11,7,1,1,0,0,0,0,-100,140
13,2,0,0,15,6,1,1,0,0,0,0,0,0,0,10,7,1,0,0,0,0,0,137,869
15,2,0,0,18,6,0,1,0,1,0,0,0,0,0,11,8,2,0,0,0,0,0,452,1122
17,2,0,0,13,11,1,2,0,1,0,0,0,0,0,11,9,1,1,0,0,0,0,622,1706
19,4,0,0,19,9,1,2,0,2,0,0,0,0,0,10,11,1,0,0,0,0,0,1344,1959
21,4,0,0,19,12,1,1,0,2,0,0,0,0,0,11,10,1,1,0,0,0,0,1254,2237
23,6,0,0,21,10,2,2,0,3,0,0,0,0,0,9,11,1,0,0,0,0,0,2181,12159
25,6,0,1,18,13,2,3,0,1,0,0,0,0,0,10,8,1,0,0,0,0,0,101221,2147483647
27,6,0,0,21,13,2,2,0,1,0,0,2,0,0,15,8,1,0,0,0,0,0,1109,2147483647
1,0,0,0,3,1,0,0,0,0,0,0,0,0,0,3,1,0,0,0,0,0,0,0,-157
3,0,0,0,5,3,0,0,0,0,0,0,0,0,0,3,3,1,0,0,0,0,0,-80,-45
5,0,0,0,3,5,1,1,0,0,0,0,0,0,0,5,5,0,1,0,0,0,0,80,-55
7,0,0,0,5,6,0,1,0,1,0,0,0,0,0,7,7,0,1,0,0,0,0,475,-20
9,0,0,0,7,7,0,0,0,1,0,0,0,0,0,7,9,1,1,0,0,0,0,340,115
11,2,0,0,15,3,0,0,0,0,0,0,0,0,0,9,7,0,0,0,0,0,0,82,177
13,2,0,0,10,6,2,1,0,0,0,0,0,0,0,10,9,0,0,0,0,0,0,277,535
15,2,0,0,7,9,2,1,0,1,0,0,0,0,0,7,14,0,1,0,0,0,0,717,1287
17,4,0,0,13,5,2,0,0,0,0,0,2,0,0,11,9,0,0,0,0,0,0,322,1452
19,4,0,0,9,8,3,0,0,1,0,0,2,0,0,12,11,0,0,0,0,0,0,877,1747
21,4,0,0,9,9,2,1,1,1,0,0,2,0,0,13,11,1,0,0,0,0,0,1722,1270
23,4,0,0,5,8,2,1,2,1,0,0,4,0,0,16,11,1,1,0,0,0,0,11475,1237
25,4,0,0,7,9,0,2,2,1,0,0,4,0,0,13,14,2,2,0,0,0,0,11215,1367
27,6,0,0,10,8,1,2,2,2,0,0,4,0,0,12,13,2,1,0,0,0,0,12107,11037
29,8,0,0,17,6,1,2,2,3,0,0,4,0,0,13,9,1,0,1,0,0,0,12109,9612
31,8,0,0,18,7,2,2,2,3,0,0,4,0,0,16,9,0,0,1,1,0,0,11794,677
33,8,0,0,15,7,2,2,1,5,1,0,4,0,0,15,11,0,0,2,1,0,0,11764,1110
35,8,0,0,16,8,3,2,1,5,1,0,4,0,0,18,11,0,0,1,1,0,1,11849,1532
37,8,0,0,19,9,3,2,1,5,1,0,4,0,0,21,11,0,0,0,1,1,0,12854,2027
39,8,0,0,22,10,3,2,1,5,1,0,4,0,0,25,11,0,0,0,1,0,1,21849,12137
41,8,0,0,19,13,3,4,1,4,1,0,4,0,0,25,14,0,0,0,1,0,0,22419,12719
43,8,0,0,20,16,3,4,0,4,1,0,4,0,0,25,15,0,0,0,1,0,0,12439,21432
45,8,0,0,21,17,2,3,1,4,1,0,4,0,0,26,17,0,0,0,0,0,1,21784,22234
47,8,0,0,23,19,2,3,1,4,1,0,4,0,0,26,18,0,0,1,0,0,0,21809,102269
49,8,0,0,25,20,2,3,1,4,1,0,4,0,0,28,20,0,0,0,1,0,0,22304,2147483647
1,0,0,0,4,0,0,0,0,0,0,0,0,0,0,4,0,0,0,0,0,0,0,0,-80
3,0,0,0,8,0,0,0,0,0,0,0,0,0,0,8,0,0,0,0,0,0,0,0,85
5,0,0,0,9,0,0,0,0,1,0,0,0,0,0,11,1,0,0,0,0,0,0,475,-80
7,0,0,0,13,0,0,0,0,0,0,0,0,0,0,14,2,0,0,0,0,0,0,-20,570
9,0,0,0,11,1,1,0,0,1,0,0,0,0,0,16,4,0,0,0,0,0,0,535,200
11,0,0,0,13,3,1,0,0,1,0,0,0,0,0,15,6,0,0,1,0,0,0,-435,238
13,0,0,1,13,2,0,2,0,0,0,0,0,0,0,14,9,1,0,1,0,0,0,98955,-80
15,0,0,1,16,3,0,2,0,0,0,0,0,0,0,17,10,1,0,1,0,0,0,98955,-112
17,0,0,1,19,4,0,2,0,0,0,0,0,0,0,19,11,0,0,1,1,0,0,98565,193
19,2,0,1,19,4,2,2,0,1,0,0,0,0,0,18,11,0,0,1,0,0,0,99817,2147483647
21,2,0,1,20,2,0,2,1,1,0,0,0,0,0,18,15,0,0,1,0,0,0,100597,2147483647
23,2,0,0,21,5,0,1,1,2,0,0,2,0,0,20,13,1,1,1,0,0,0,870,2147483647
25,2,0,0,20,6,1,1,0,1,0,0,4,0,0,25,11,1,1,1,0,0,0,-697,2147483647
1,0,0,0,4,0,0,0,0,0,0,0,0,0,0,4,0,0,0,0,0,0,0,0,-80
3,0,0,0,8,0,0,0,0,0,0,0,0,0,0,8,0,0,0,0,0,0,0,0,85
5,0,0,0,9,0,0,0,0,1,0,0,0,0,0,11,1,0,0,0,0,0,0,475,-80
7,0,0,0,13,0,0,0,0,0,0,0,0,0,0,14,2,0,0,0,0,0,0,-20,570
9,0,0,0,11,1,1,0,0,1,0,0,0,0,0,16,4,0,0,0,0,0,0,535,200
11,0,0,0,13,3,1,0,0,0,0,0,0,0,0,16,5,1,0,0,0,0,0,-40,-480
13,0,0,0,10,8,1,1,0,0,0,0,0,0,0,15,9,1,0,0,0,0,0,-5,-510
15,0,0,0,12,10,0,2,0,0,0,0,0,0,0,15,10,2,0,0,0,0,0,-130,930
17,0,0,0,11,12,0,2,0,1,0,0,0,0,0,18,11,0,2,0,0,0,0,435,1497
19,0,0,0,7,11,1,2,0,3,0,0,0,0,0,17,14,1,2,0,0,0,0,1385,2149
21,0,0,0,8,12,0,2,1,2,0,0,0,0,0,15,12,1,4,1,0,0,0,730,11655
23,0,0,0,8,13,0,3,0,2,1,0,0,0,0,17,14,1,4,1,0,0,0,9755,13570
25,0,0,0,8,14,0,2,0,2,1,0,2,0,0,22,12,1,3,1,1,0,0,9178,2147483647
27,0,0,0,8,13,0,1,1,3,0,0,4,0,0,22,11,2,5,1,1,0,0,306,2147483647
1,0,0,0,4,0,0,0,0,0,0,0,0,0,0,4,0,0,0,0,0,0,0,0,-80
3,0,0,0,8,0,0,0,0,0,0,0,0,0,0,8,0,0,0,0,0,0,0,0,85
5,0,0,0,9,0,0,0,0,1,0,0,0,0,0,11,1,0,0,0,0,0,0,475,-80
7,0,0,0,13,0,0,0,0,0,0,0,0,0,0,14,2,0,0,0,0,0,0,-20,570
9,0,0,0,11,1,1,0,0,1,0,0,0,0,0,16,4,0,0,0,0,0,0,535,200
11,0,0,0,13,3,1,0,0,0,0,0,0,0,0,16,5,1,0,0,0,0,0,-40,-480
13,0,0,0,12,5,1,0,1,0,0,0,0,0,0,17,7,0,0,1,0,0,0,40,-1305
15,0,0,0,14,7,0,1,1,0,0,0,0,0,0,16,9,0,0,1,1,0,0,-480,-2297
17,0,0,0,16,7,0,2,0,1,0,0,0,0,0,14,10,1,0,1,2,0,0,-1495,-1930
19,0,0,0,17,10,0,2,0,1,0,0,0,0,0,15,12,0,0,1,3,0,0,-1890,-442
21,0,0,0,12,11,1,3,1,0,0,1,0,0,0,12,13,2,1,1,3,0,0,8490,-240
23,2,0,0,14,12,1,3,1,0,0,1,0,0,0,9,14,0,1,1,2,0,1,-718,1136
25,4,0,0,16,10,3,3,1,0,0,1,0,0,0,9,14,1,1,1,0,0,1,514,-98111
27,4,0,0,15,10,4,4,0,0,1,1,0,0,0,11,15,1,1,0,0,1,1,629,-2147483648
1,0,0,0,4,0,0,0,0,0,0,0,0,0,0,4,0,0,0,0,0,0,0,0,-80
3,0,0,0,8,0,0,0,0,0,0,0,0,0,0,8,0,0,0,0,0,0,0,0,85
5,0,0,0,9,0,0,0,0,1,0,0,0,0,0,11,1,0,0,0,0,0,0,475,-80
7,0,0,0,13,0,0,0,0,0,0,0,0,0,0,14,2,0,0,0,0,0,0,-20,570
9,0,0,0,10,2,1,0,0,1,0,0,0,0,0,13,5,1,0,0,0,0,0,455,646
11,0,0,0,10,3,1,0,0,2,0,0,0,0,0,13,7,2,0,0,0,0,0,850,320
13,0,0,0,6,9,1,1,0,2,0,0,0,0,0,11,12,2,0,0,0,0,0,885,530
15,0,0,0,9,9,0,1,0,3,0,0,0,0,0,13,13,1,0,1,0,0,0,390,635
17,0,0,0,8,9,1,2,0,2,0,0,0,0,0,15,16,1,1,0,0,0,0,945,315
19,2,0,0,13,9,0,2,0,2,0,0,2,0,0,19,10,0,1,0,0,0,0,985,682
21,2,0,0,11,6,1,0,0,3,0,0,4,0,0,26,8,0,1,0,0,0,0,1268,1307
23,4,0,0,15,6,1,0,0,3,0,0,4,0,0,23,9,0,0,0,0,0,0,1505,1687
25,4,0,0,16,6,0,1,1,3,0,0,4,0,0,22,10,2,0,0,0,0,0,2270,11562
27,4,0,0,16,8,0,0,0,4,0,1,4,0,0,22,10,1,1,1,0,0,0,1780,2147483647
1,0,0,0,4,0,0,0,0,0,0,0,0,0,0,4,0,0,0,0,0,0,0,0,-80
3,0,0,0,6,2,0,0,0,0,0,0,0,0,0,7,0,0,0,0,0,0,0,0,-10
5,0,0,0,8,4,0,0,0,0,0,0,0,0,0,8,0,1,0,0,0,0,0,-80,293
7,0,0,0,5,6,1,0,0,1,0,0,0,0,0,9,3,1,0,0,0,0,0,475,470
9,0,0,0,8,6,0,0,0,2,0,0,0,0,0,12,4,1,0,0,0,0,0,870,857
11,0,0,0,7,8,0,1,0,2,0,0,0,0,0,11,6,1,1,0,0,0,0,870,905
13,2,0,0,13,5,0,2,0,2,0,0,0,0,0,11,5,1,0,0,0,0,0,1062,712
15,2,0,0,11,6,0,2,0,1,0,0,2,0,0,15,6,0,1,0,0,0,0,510,623
17,2,0,0,10,7,0,1,1,2,0,0,2,0,0,17,5,1,1,0,0,0,0,1840,1367
19,4,0,0,13,2,1,0,1,4,0,0,2,0,0,16,6,1,0,0,0,0,0,3072,10400
21,4,0,0,13,4,1,2,0,3,0,1,2,0,0,17,8,1,0,0,0,0,0,2662,570
23,4,0,1,15,5,1,2,0,3,0,0,2,0,0,17,9,1,0,1,0,0,0,100682,430
25,4,0,1,15,5,1,1,1,1,0,0,4,0,0,22,9,0,1,1,0,0,0,100510,827
27,6,0,1,19,6,0,2,1,1,0,0,4,0,0,19,10,0,0,1,0,0,0,100782,980
29,6,0,1,22,7,0,2,1,1,0,0,4,0,0,23,10,0,0,0,1,0,0,101277,8753
31,6,0,1,22,10,0,2,1,1,0,0,4,0,0,20,14,0,0,1,0,0,0,100802,210
33,6,0,0,17,10,2,1,0,2,1,0,6,0,0,24,12,0,1,1,0,0,0,10120,10080
35,8,0,0,22,9,3,0,0,2,0,1,6,0,0,22,12,0,0,1,0,0,0,1567,19015
37,8,0,0,26,9,2,1,0,2,0,1,6,0,0,22,13,0,0,2,0,0,0,-8448,2147483647
39,8,0,1,27,10,1,2,0,1,0,1,6,0,0,21,13,2,0,2,0,0,0,90827,2147483647
41,8,0,1,25,13,1,2,1,1,0,1,6,0,0,24,12,1,0,2,0,0,0,100897,2147483647
43,8,0,0,24,13,1,2,0,1,2,0,8,0,0,27,11,2,0,1,1,0,0,27980,2147483647
1,0,0,0,4,0,0,0,0,0,0,0,0,0,0,4,0,0,0,0,0,0,0,0,-80
3,0,0,0,8,0,0,0,0,0,0,0,0,0,0,8,0,0,0,0,0,0,0,0,-35
5,0,0,0,9,0,0,0,0,1,0,0,0,0,0,11,1,0,0,0,0,0,0,475,-290
7,0,0,0,12,1,0,0,0,1,0,0,0,0,0,14,2,0,0,0,0,0,0,475,55
9,0,0,0,16,1,0,0,0,1,0,0,0,0,0,18,2,0,0,0,0,0,0,475,213
11,0,0,0,13,1,2,0,0,2,0,0,0,0,0,21,3,0,0,0,0,0,0,1110,788
13,0,0,0,16,1,1,0,0,3,0,0,0,0,0,24,4,0,0,0,0,0,0,1505,920
15,0,0,0,14,5,1,1,0,3,0,0,0,0,0,24,7,0,0,0,0,0,0,1540,540
17,0,0,0,16,7,1,1,0,2,0,0,0,0,0,24,8,1,0,0,0,0,0,965,540
19,0,0,0,15,7,3,1,0,2,0,0,0,0,0,26,9,0,0,0,1,0,0,730,915
21,0,0,0,15,10,2,1,1,2,0,0,0,0,0,27,10,0,0,0,0,0,1,1130,1122
23,0,0,0,18,10,2,1,0,3,0,0,0,0,0,27,12,1,0,0,0,0,0,1550,1328
25,0,0,0,18,10,1,1,0,5,0,0,0,0,0,26,14,1,0,1,0,0,0,1450,2470
27,0,0,0,15,12,1,1,0,6,0,0,0,0,0,24,16,1,1,1,0,0,0,1890,3002
29,0,0,0,9,12,1,1,1,6,0,0,2,0,0,25,19,2,2,0,0,0,0,3613,12135
31,0,0,0,10,13,1,1,0,6,0,1,2,0,0,23,21,2,2,1,0,0,0,2638,89416
33,0,0,0,14,14,2,1,1,3,0,0,4,0,0,24,23,3,2,1,1,0,0,541,2147483647
35,0,0,0,14,14,1,0,0,2,1,0,6,0,0,28,15,2,2,1,3,0,0,7789,2147483647
1,0,0,0,4,0,0,0,0,0,0,0,0,0,0,4,0,0,0,0,0,0,0,0,-80
3,0,0,0,6,2,0,0,0,0,0,0,0,0,0,7,0,0,0,0,0,0,0,0,-10
5,0,0,0,7,5,0,0,0,0,0,0,0,0,0,7,1,1,0,0,0,0,0,-80,80
7,0,0,0,8,6,0,1,0,0,0,0,0,0,0,10,2,0,1,0,0,0,0,0,362
9,2,0,0,8,0,2,0,0,0,0,0,2,0,0,12,0,0,0,0,0,0,0,160,455
11,2,0,0,10,1,0,1,1,0,0,0,2,0,0,14,2,0,0,0,0,0,0,1005,2147483647
13,2,0,0,12,2,0,1,0,0,1,0,2,0,0,14,3,0,0,1,0,0,0,9025,2147483647
15,2,0,0,10,3,0,0,1,0,0,0,4,0,0,15,2,2,0,0,1,0,0,133,2147483647
1,0,0,0,3,1,0,0,0,0,0,0,0,0,0,3,1,0,0,0,0,0,0,0,-157
3,0,0,0,5,3,0,0,0,0,0,0,0,0,0,5,3,0,0,0,0,0,0,0,-110
5,0,0,0,7,3,0,1,0,0,0,0,0,0,0,8,4,0,0,0,0,0,0,35,-312
7,0,0,0,9,4,0,0,0,1,0,0,0,0,0,12,3,0,0,0,0,0,0,475,445
9,0,0,0,11,5,0,0,0,0,0,0,0,0,0,14,5,0,0,0,0,0,0,-30,248
11,0,0,0,7,6,2,0,0,1,0,0,0,0,0,16,7,0,0,0,0,0,0,605,810
13,0,0,0,9,7,1,0,0,2,0,0,0,0,0,18,9,0,0,0,0,0,0,1000,420
15,0,0,0,9,8,2,0,0,1,0,0,0,0,0,20,11,0,0,0,0,0,0,575,-395
17,0,0,0,8,8,2,0,0,2,0,0,0,0,0,19,12,0,0,1,0,0,0,70,-435
19,0,0,0,10,9,1,0,0,3,0,0,0,0,0,20,13,1,0,0,1,0,0,880,-187
21,0,0,0,9,13,1,4,0,0,0,1,2,0,0,21,16,1,1,0,1,0,0,473,-1356
23,2,0,0,14,11,1,3,1,0,0,1,2,0,0,18,15,2,0,1,0,0,0,9990,-1796
25,2,0,0,15,11,1,4,1,0,0,1,2,0,0,17,17,2,0,1,1,0,0,9550,-98812
27,2,0,0,15,11,1,4,1,1,0,1,2,0,1,15,19,2,1,0,1,0,0,-88990,-98777
29,2,0,0,16,13,1,3,1,2,0,1,2,0,1,18,18,1,1,0,2,0,0,-88945,-98317
31,2,0,0,19,14,1,3,1,2,0,1,2,0,1,22,19,1,2,0,1,0,0,-88505,-88848
33,2,0,0,22,14,1,3,0,3,0,1,2,0,1,24,21,1,2,0,0,0,0,-97505,-88046
35,2,0,0,25,15,1,3,0,2,0,1,2,0,1,26,20,1,3,0,0,0,0,-98035,-87293
37,4,0,0,27,14,2,2,0,3,0,1,2,0,1,24,20,1,2,0,0,0,0,-97278,2004
39,4,0,0,30,11,1,2,1,2,0,0,4,0,1,28,18,1,3,0,0,0,0,-98065,2147483647
41,4,0,0,26,12,2,2,0,2,0,0,6,0,1,30,18,1,4,0,0,0,0,-99272,2147483647
1,0,0,0,4,0,0,0,0,0,0,0,0,0,0,4,0,0,0,0,0,0,0,0,-80
3,0,0,0,6,2,0,0,0,0,0,0,0,0,0,7,0,0,0,0,0,0,0,0,-10
5,0,0,0,10,2,0,0,0,0,0,0,0,0,0,11,0,0,0,0,0,0,0,0,510
7,0,0,0,8,3,0,1,1,0,0,0,0,0,0,13,2,0,0,0,0,0,0,1005,2147483647
9,0,0,0,11,3,0,1,0,0,0,1,0,0,0,16,3,0,0,0,0,0,0,1000,2147483647
11,0,0,0,10,2,1,1,0,0,0,0,2,0,0,21,3,0,0,0,0,0,0,-7,2147483647
1,0,0,0,4,0,0,0,0,0,0,0,0,0,0,4,0,0,0,0,0,0,0,0,-80
3,0,0,0,6,2,0,0,0,0,0,0,0,0,0,7,0,0,0,0,0,0,0,0,-10
5,0,0,0,10,2,0,0,0,0,0,0,0,0,0,11,0,0,0,0,0,0,0,0,440
7,0,0,0,8,3,1,0,0,1,0,0,0,0,0,13,2,0,0,0,0,0,0,555,615
9,0,0,0,11,3,0,0,0,2,0,0,0,0,0,16,3,0,0,0,0,0,0,950,985
11,0,0,0,9,7,0,1,0,2,0,0,0,0,0,14,6,1,0,0,0,0,0,905,873
13,0,0,0,8,9,0,1,0,3,0,0,0,0,0,14,8,1,1,0,0,0,0,1345,795
15,0,0,0,10,10,0,1,0,2,0,0,0,0,0,16,10,1,1,0,0,0,0,840,400
17,0,0,0,11,8,0,1,0,2,0,0,2,0,0,20,9,1,2,0,0,0,0,713,-62
19,2,0,0,15,7,0,2,0,2,0,0,2,0,0,20,6,1,1,0,0,0,0,905,-562
21,2,0,0,8,9,2,2,0,1,0,0,4,0,0,23,8,0,2,0,0,0,0,433,-669
23,2,0,0,9,10,1,0,0,1,0,0,6,0,0,26,8,0,3,0,0,0,0,-34,-681
25,2,0,0,9,10,1,0,0,2,0,0,6,0,0,25,11,1,3,0,0,0,0,361,-734
27,2,0,0,10,11,0,0,0,3,0,0,6,0,0,24,13,2,3,0,0,0,0,676,-1152
29,4,0,0,14,8,1,1,0,3,0,0,6,0,0,24,10,2,1,0,1,0,0,588,-1312
31,4,0,0,15,9,0,0,0,2,0,0,8,0,0,28,10,2,1,0,0,0,0,131,-1289
33,4,0,0,18,10,0,0,0,1,0,0,8,0,0,31,10,2,1,0,0,0,0,-364,-2734
35,4,0,0,18,14,0,0,0,1,0,0,8,0,0,29,12,2,1,1,0,0,0,-1334,-20247
37,4,0,0,20,16,0,0,0,1,0,0,8,0,0,29,13,2,1,1,1,0,0,-1809,-2147483648
39,4,0,0,19,16,2,0,0,1,0,0,8,0,0,32,14,2,2,0,0,0,1,-1204,-2147483648
1,0,0,0,4,0,0,0,0,0,0,0,0,0,0,4,0,0,0,0,0,0,0,0,-80
3,0,0,0,6,2,0,0,0,0,0,0,0,0,0,7,0,0,0,0,0,0,0,0,-10
5,0,0,0,8,4,0,0,0,0,0,0,0,0,0,8,0,1,0,0,0,0,0,-80,293
7,0,0,0,4,7,1,0,1,0,0,0,0,0,0,8,3,0,0,1,0,0,0,80,2147483647
9,0,0,0,5,9,1,0,0,0,1,0,0,0,0,9,5,0,0,0,0,1,0,80,2147483647
1,0,0,0,4,0,0,0,0,0,0,0,0,0,0,4,0,0,0,0,0,0,0,0,-80
3,0,0,0,8,0,0,0,0,0,0,0,0,0,0,8,0,0,0,0,0,0,0,0,-35
5,0,0,0,9,0,0,0,0,1,0,0,0,0,0,11,1,0,0,0,0,0,0,475,-290
7,0,0,0,9,4,0,0,0,1,0,0,0,0,0,11,5,0,0,0,0,0,0,475,297
9,0,0,0,7,6,1,1,0,1,0,0,0,0,0,11,6,1,0,0,0,0,0,510,-178
11,0,0,0,6,8,2,0,0,2,0,0,0,0,0,12,8,0,0,1,0,0,0,140,-20
13,0,0,0,6,11,1,0,0,3,0,0,0,0,0,14,9,0,0,0,1,0,0,1030,433
15,0,0,0,9,11,0,0,0,4,0,0,0,0,0,17,10,0,0,0,1,0,0,1425,365
17,0,0,0,9,12,0,0,0,5,0,0,0,0,0,19,12,0,0,0,1,0,0,1900,303
19,0,0,0,8,15,0,1,0,4,0,0,0,0,0,16,17,1,0,0,1,0,0,1360,-322
21,0,0,0,11,16,0,1,0,4,0,0,0,0,0,19,16,0,0,1,1,0,0,470,-940
23,0,0,0,13,18,0,1,0,4,0,0,0,0,0,22,17,0,0,0,2,0,0,965,1378
25,0,0,1,12,19,0,2,0,3,0,0,0,0,0,26,15,0,0,0,2,0,0,100480,1920
27,0,0,1,15,19,0,2,0,3,0,0,0,0,0,29,16,0,0,0,1,0,0,100975,2323
29,0,0,1,16,19,0,2,0,3,0,0,0,0,0,28,18,0,1,0,0,0,0,101435,100235
31,0,0,1,20,16,0,1,0,2,0,0,2,0,0,35,13,1,1,0,0,0,0,100723,2147483647
1,0,0,0,4,0,0,0,0,0,0,0,0,0,0,4,0,0,0,0,0,0,0,0,-80
3,0,0,0,8,0,0,0,0,0,0,0,0,0,0,8,0,0,0,0,0,0,0,0,85
5,0,0,0,9,0,0,0,0,1,0,0,0,0,0,11,1,0,0,0,0,0,0,475,-80
7,0,0,0,13,0,0,0,0,0,0,0,0,0,0,14,2,0,0,0,0,0,0,-20,570
9,0,0,0,11,1,1,0,0,1,0,0,0,0,0,16,4,0,0,0,0,0,0,535,200
11,0,0,0,13,3,1,0,0,1,0,0,0,0,0,15,6,0,0,1,0,0,0,-435,238
13,0,0,1,13,2,0,2,0,0,0,0,0,0,0,14,9,1,0,1,0,0,0,98955,-80
15,0,0,1,16,3,0,2,0,0,0,0,0,0,0,17,10,1,0,1,0,0,0,98955,-112
17,0,0,1,19,4,0,2,0,0,0,0,0,0,0,19,11,0,0,1,1,0,0,98565,193
19,2,0,1,19,4,2,2,0,1,0,0,0,0,0,18,11,0,0,1,0,0,0,99817,2147483647
21,2,0,1,20,2,0,2,1,1,0,0,0,0,0,18,15,0,0,1,0,0,0,100597,2147483647
23,2,0,0,21,5,0,1,1,2,0,0,2,0,0,20,13,1,1,1,0,0,0,870,2147483647
25,2,0,0,20,6,1,1,0,1,0,0,4,0,0,25,11,1,1,1,0,0,0,-697,2147483647
1,0,0,0,4,0,0,0,0,0,0,0,0,0,0,4,0,0,0,0,0,0,0,0,-80
3,0,0,0,8,0,0,0,0,0,0,0,0,0,0,8,0,0,0,0,0,0,0,0,85
5,0,0,0,9,0,0,0,0,1,0,0,0,0,0,11,1,0,0,0,0,0,0,475,-80
7,0,0,0,13,0,0,0,0,0,0,0,0,0,0,14,2,0,0,0,0,0,0,-20,570
9,0,0,0,11,1,1,0,0,1,0,0,0,0,0,16,4,0,0,0,0,0,0,535,200
11,0,0,0,13,3,1,0,0,0,0,0,0,0,0,16,5,1,0,0,0,0,0,-40,-480
13,0,0,0,10,8,1,1,0,0,0,0,0,0,0,15,9,1,0,0,0,0,0,-5,-510
15,0,0,0,13,8,0,1,0,1,0,0,0,0,0,18,10,1,0,0,0,0,0,390,930
17,0,0,0,13,9,0,1,0,2,0,0,0,0,0,19,11,1,1,0,0,0,0,830,1642
19,2,0,0,18,8,0,1,0,3,0,0,0,0,0,18,10,1,0,0,0,0,0,1482,2159
21,2,0,0,21,8,0,1,0,2,0,0,0,0,0,19,9,1,2,0,0,0,0,907,2556
23,4,0,0,26,7,0,1,0,3,0,0,0,0,0,17,10,1,1,0,0,0,0,1639,11374
25,4,0,0,23,8,1,1,1,2,0,0,0,0,0,19,12,1,1,0,0,0,0,2184,12091
27,6,0,0,25,7,1,1,2,2,0,0,0,0,0,17,12,1,0,0,0,0,0,12471,12543
29,6,0,0,26,11,1,2,1,1,0,0,0,0,0,18,11,0,1,0,0,0,0,2096,13026
31,8,0,0,27,12,2,2,2,0,0,0,0,0,0,15,12,0,0,0,0,0,0,12068,2147483647
33,8,0,0,24,16,2,3,2,0,0,0,0,0,0,13,13,1,0,0,0,0,0,12023,2147483647
35,8,0,0,23,14,2,4,2,0,0,0,2,0,0,14,16,2,0,0,0,0,0,11886,2147483647
1,0,0,0,4,0,0,0,0,0,0,0,0,0,0,4,0,0,0,0,0,0,0,0,-80
3,0,0,0,8,0,0,0,0,0,0,0,0,0,0,8,0,0,0,0,0,0,0,0,85
5,0,0,0,9,0,0,0,0,1,0,0,0,0,0,11,1,0,0,0,0,0,0,475,-80
7,0,0,0,13,0,0,0,0,0,0,0,0,0,0,14,2,0,0,0,0,0,0,-20,570
9,0,0,0,11,1,1,0,0,1,0,0,0,0,0,16,4,0,0,0,0,0,0,535,200
11,0,0,0,13,3,1,0,0,0,0,0,0,0,0,16,5,1,0,0,0,0,0,-40,-480
13,0,0,0,12,5,1,0,1,0,0,0,0,0,0,17,7,0,0,1,0,0,0,40,-1305
15,0,0,0,14,7,0,1,1,0,0,0,0,0,0,16,9,0,0,1,1,0,0,-480,-2297
17,0,0,0,16,7,0,2,0,1,0,0,0,0,0,14,10,1,0,1,2,0,0,-1495,-1930
19,0,0,0,18,9,0,2,0,1,0,0,0,0,0,14,11,1,0,1,3,0,0,-1970,-1723
21,0,0,0,21,10,0,2,0,1,0,0,0,0,0,18,11,1,0,0,4,0,0,-1475,-1390
23,0,0,0,24,10,0,2,0,1,0,0,0,0,0,20,12,1,0,0,2,0,1,-1470,-950
25,0,0,0,26,12,0,2,0,1,0,0,0,0,0,22,13,0,0,1,2,0,0,-1365,-880
27,0,0,0,25,17,0,2,1,0,0,0,0,0,0,21,14,0,1,1,1,0,1,-10395,1744
29,2,0,0,28,13,1,3,0,1,0,0,0,0,0,20,17,0,2,1,2,0,0,-1248,2704
31,6,0,0,29,9,5,1,0,4,0,0,0,0,0,19,13,0,0,1,1,0,0,1496,13089
33,6,0,1,27,9,4,2,0,4,0,0,0,0,0,19,15,1,0,1,1,0,0,101316,103231
35,6,0,1,27,9,4,3,0,2,0,2,0,0,0,20,16,2,0,1,1,0,0,111251,112574
37,6,0,2,30,9,3,4,0,2,0,1,0,0,0,23,17,2,0,1,1,0,0,201196,212028
39,6,0,2,25,13,3,4,1,1,0,1,0,0,0,23,16,2,0,1,1,0,0,210671,2147483647
41,6,0,0,22,16,6,3,0,3,1,0,2,0,0,24,13,2,1,1,2,0,0,10319,2147483647
1,0,0,0,4,0,0,0,0,0,0,0,0,0,0,4,0,0,0,0,0,0,0,0,-80
3,0,0,0,8,0,0,0,0,0,0,0,0,0,0,8,0,0,0,0,0,0,0,0,85
5,0,0,0,9,0,0,0,0,1,0,0,0,0,0,11,1,0,0,0,0,0,0,475,-80
7,0,0,0,13,0,0,0,0,0,0,0,0,0,0,14,2,0,0,0,0,0,0,-20,570
9,0,0,0,10,2,1,0,0,1,0,0,0,0,0,13,5,1,0,0,0,0,0,455,646
11,0,0,0,10,3,1,0,0,2,0,0,0,0,0,13,7,2,0,0,0,0,0,850,320
13,0,0,0,6,9,1,1,0,2,0,0,0,0,0,11,12,2,0,0,0,0,0,885,530
15,0,0,0,9,9,0,1,0,3,0,0,0,0,0,13,13,1,0,1,0,0,0,390,635
17,0,0,0,8,9,1,2,0,2,0,0,0,0,0,15,16,1,1,0,0,0,0,945,315
19,2,0,0,13,9,0,2,0,2,0,0,2,0,0,19,10,0,1,0,0,0,0,985,682
21,2,0,0,11,6,1,0,0,3,0,0,4,0,0,26,8,0,1,0,0,0,0,1268,1307
23,4,0,0,15,6,1,0,0,3,0,0,4,0,0,23,9,0,0,0,0,0,0,1505,1687
25,4,0,0,16,6,0,1,1,3,0,0,4,0,0,22,10,2,0,0,0,0,0,2270,11562
27,4,0,0,16,8,0,0,0,4,0,1,4,0,0,22,10,1,1,1,0,0,0,1780,2147483647
1,0,0,0,3,1,0,0,0,0,0,0,0,0,0,3,1,0,0,0,0,0,0,0,-157
3,0,0,0,4,4,0,0,0,0,0,0,0,0,0,2,4,1,0,0,0,0,0,-80,0
5,0,0,0,5,5,0,1,0,0,0,0,0,0,0,5,5,0,1,0,0,0,0,0,-20
7,2,0,0,6,0,1,0,0,0,0,0,2,0,0,8,0,0,0,0,0,0,0,80,-20
9,2,0,0,9,0,0,0,0,1,0,0,2,0,0,11,1,0,0,0,0,0,0,475,40
11,2,0,0,11,0,0,1,0,1,0,0,2,0,0,14,2,0,0,0,0,0,0,510,390
13,2,0,0,11,3,0,0,0,2,0,0,2,0,0,16,3,0,0,0,0,0,0,950,940
15,2,0,0,10,5,0,1,0,2,0,0,2,0,0,16,6,0,0,0,0,0,0,985,760
17,2,0,0,11,6,0,0,0,3,0,0,2,0,0,13,9,2,0,0,0,0,0,1265,1193
19,2,0,0,8,6,1,0,1,3,0,0,2,0,0,15,10,1,0,0,1,0,0,1910,2147483647
21,2,0,0,10,7,1,0,0,3,0,1,2,0,0,16,11,1,1,0,1,0,0,1870,2147483647
1,0,0,0,3,1,0,0,0,0,0,0,0,0,0,3,1,0,0,0,0,0,0,0,-42
3,0,0,0,4,4,0,0,0,0,0,0,0,0,0,3,2,1,0,0,0,0,0,-80,-122
5,0,0,0,3,5,2,0,0,0,0,0,0,0,0,6,2,0,0,0,1,0,0,-315,-35
7,0,0,0,6,5,1,0,0,1,0,0,0,0,0,9,3,0,0,0,1,0,0,80,-12
9,0,0,0,9,5,0,0,0,2,0,0,0,0,0,12,4,0,0,0,1,0,0,475,510
11,0,0,0,10,8,0,0,0,2,0,0,0,0,0,11,3,0,1,1,0,0,0,-35,657
13,2,0,0,14,8,0,0,0,2,0,0,0,0,0,9,6,0,0,1,0,0,0,102,1602
15,2,0,0,12,10,0,0,1,2,0,0,0,0,0,11,7,0,0,0,1,0,0,1567,1547
17,2,0,0,13,9,1,0,0,3,0,0,0,0,0,12,10,0,0,0,0,0,0,1647,1537
19,2,0,0,14,10,0,0,0,4,0,0,0,0,0,12,14,0,0,0,0,0,0,2042,1380
21,2,0,0,9,14,1,0,0,5,0,0,0,0,0,7,17,1,0,1,0,0,0,1547,2007
23,2,0,0,11,15,1,0,0,4,0,0,0,0,0,10,18,1,0,0,1,0,0,1537,2289
25,4,0,0,10,14,2,2,0,4,0,0,0,0,0,9,20,1,0,0,0,0,0,2344,2586
27,4,0,0,11,15,2,1,0,4,0,0,0,0,0,10,21,1,1,0,0,0,0,2244,10899
29,6,0,0,16,15,2,1,1,3,0,0,0,0,0,10,19,1,0,0,0,0,0,3056,11279
31,6,0,0,15,18,2,2,1,3,0,0,0,0,0,10,20,1,1,0,0,0,0,3056,20199
33,8,0,0,21,16,2,2,1,3,0,1,0,0,0,11,20,0,0,0,0,0,0,13528,102451
35,8,0,0,17,19,2,3,2,3,0,0,0,0,0,9,21,1,0,0,0,0,0,13468,2147483647
37,8,0,0,17,19,2,3,2,3,0,1,0,0,0,12,22,1,0,0,0,0,0,14433,2147483647
39,8,0,1,19,20,1,4,2,3,0,0,0,0,0,15,22,1,0,0,0,0,0,113378,2147483647
41,8,0,1,20,20,2,3,0,1,1,1,2,0,0,17,22,3,0,0,0,0,0,121176,2147483647
1,0,0,0,3,1,0,0,0,0,0,0,0,0,0,3,1,0,0,0,0,0,0,0,-42
3,0,0,0,4,4,0,0,0,0,0,0,0,0,0,3,2,1,0,0,0,0,0,-80,-122
5,0,0,0,3,5,2,0,0,0,0,0,0,0,0,6,2,0,0,0,1,0,0,-315,-35
7,0,0,0,6,5,1,0,0,1,0,0,0,0,0,9,3,0,0,0,1,0,0,80,-12
9,0,0,0,9,5,0,0,0,2,0,0,0,0,0,12,4,0,0,0,1,0,0,475,510
11,0,0,0,10,8,0,0,0,2,0,0,0,0,0,11,3,0,1,1,0,0,0,-35,657
11,0,0,0,11,7,0,0,0,2,0,0,0,0,0,15,5,0,0,0,0,0,0,970,1020
13,0,0,0,10,9,0,0,0,3,0,0,0,0,0,17,6,0,0,0,0,0,0,1445,803
15,0,0,0,13,9,0,0,0,2,0,0,0,0,0,20,7,0,0,0,0,0,0,940,400
17,0,0,0,12,12,0,1,0,2,0,0,0,0,0,19,9,1,0,0,0,0,0,895,415
19,0,0,0,15,12,0,1,0,1,0,0,0,0,0,22,10,1,0,0,0,0,0,390,128
21,0,0,0,13,13,0,0,0,2,0,0,2,0,0,25,10,1,1,0,0,0,0,703,-35
23,0,0,0,12,15,0,1,0,2,0,0,2,0,0,21,12,2,1,0,1,0,0,183,-440
25,2,0,0,15,9,1,1,0,2,0,0,4,0,0,24,12,1,1,0,1,0,0,273,1220
27,4,0,0,17,7,0,1,2,2,0,0,4,0,0,22,11,1,0,0,0,0,1,10880,1543
29,4,0,0,15,7,0,1,2,1,0,0,6,0,0,26,11,1,0,0,0,0,0,11118,1413
31,4,0,0,15,10,0,0,2,2,0,0,6,0,0,23,12,2,0,1,0,0,0,10508,9588
33,4,0,0,14,12,0,1,1,2,1,0,6,0,0,22,15,3,0,1,0,0,0,19453,10518
35,4,0,0,13,16,0,0,1,3,1,0,6,0,0,21,16,3,1,0,0,1,0,10868,2147483647
35,4,0,0,13,16,0,0,1,3,0,1,6,0,0,23,17,2,1,1,0,0,0,10943,2147483647
37,4,0,0,13,19,0,0,0,3,1,1,6,0,0,22,19,2,2,0,0,1,0,10908,2147483647
7,0,0,0,6,5,1,0,0,1,0,0,0,0,0,9,3,0,0,0,1,0,0,80,-12
9,0,0,0,9,5,0,0,1,1,0,0,0,0,0,12,3,0,0,0,0,0,1,480,485
11,0,0,0,12,6,0,0,0,2,0,0,0,0,0,15,4,0,0,0,0,0,0,980,718
13,0,0,0,15,6,0,0,0,1,0,0,0,0,0,18,5,0,0,0,0,0,0,475,213
15,0,0,0,18,6,0,0,0,0,0,0,0,0,0,21,6,0,0,0,0,0,0,-30,-77
17,0,0,0,16,7,1,0,0,1,0,0,0,0,0,21,8,1,0,0,0,0,0,445,-192
19,0,0,0,16,8,0,2,0,1,0,0,0,0,0,21,12,0,1,0,0,0,0,480,-647
21,0,0,0,14,7,1,1,0,2,0,0,2,0,0,27,10,1,0,0,0,0,0,863,-1364
23,0,0,0,14,9,1,1,0,0,0,0,4,0,0,27,9,1,3,0,0,0,0,-394,-1497
25,2,0,0,13,12,0,2,1,0,0,0,4,0,0,26,14,0,2,0,0,0,0,738,-1296
27,2,0,0,12,12,1,1,0,1,0,0,6,0,0,29,13,0,1,0,0,0,0,101,-1352
29,2,0,0,13,13,1,0,0,1,0,0,6,0,0,31,15,0,1,0,0,0,0,36,-1127
31,2,0,0,14,13,1,1,0,1,0,0,6,0,0,28,17,1,1,0,1,0,0,-484,-789
33,2,0,0,16,13,1,1,0,0,0,0,6,0,0,30,17,1,3,0,0,0,0,-584,-1012
35,4,0,0,18,15,2,1,0,0,0,0,6,0,0,30,17,1,1,0,0,0,0,-232,-837
37,4,0,0,21,15,1,1,0,1,0,0,6,0,0,33,18,1,1,0,0,0,0,163,-942
39,4,0,0,20,17,0,1,1,1,0,0,6,0,0,31,20,1,1,1,0,0,0,73,-1160
41,4,0,0,23,17,0,1,1,1,0,0,6,0,0,34,21,0,2,1,0,0,0,118,-1047
43,4,0,0,25,19,0,1,0,2,0,0,6,0,0,32,22,2,2,0,0,0,0,463,-1015
45,6,0,0,30,19,1,0,0,2,0,0,6,0,0,31,20,1,1,1,0,0,0,-65,-9150
47,8,0,0,35,18,1,0,0,2,0,0,6,0,0,26,20,2,0,0,0,1,0,-8738,667
49,8,0,0,34,23,1,0,0,2,0,0,6,0,0,25,20,2,0,1,0,0,1,-9713,9652
51,8,0,0,32,22,1,1,1,1,0,0,6,0,0,25,20,2,0,2,0,0,0,-9188,2147483647
53,8,0,0,32,22,1,1,0,0,1,0,6,0,0,26,23,2,0,2,0,0,0,-713,2147483647
55,8,0,0,28,22,0,2,0,0,1,0,8,0,0,29,24,2,0,2,0,0,0,-1120,2147483647
57,8,0,0,27,24,0,0,0,1,1,0,8,0,0,29,24,3,0,1,1,0,0,8680,2147483647

